rank,dialog_id,mean_range_all_dims,max_range,worst_dimension,subject,condition,language,user_politeness__rater_21,user_politeness__rater_22,user_politeness__rater_23,user_politeness__range,user_initiative_active_contribution__rater_21,user_initiative_active_contribution__rater_22,user_initiative_active_contribution__rater_23,user_initiative_active_contribution__range,overall_conversational_interaction_quality__rater_21,overall_conversational_interaction_quality__rater_22,overall_conversational_interaction_quality__rater_23,overall_conversational_interaction_quality__range,user_engagement_enjoyment__rater_21,user_engagement_enjoyment__rater_22,user_engagement_enjoyment__rater_23,user_engagement_enjoyment__range,user_topical_alignment__rater_21,user_topical_alignment__rater_22,user_topical_alignment__rater_23,user_topical_alignment__range,user_self_disclosure__rater_21,user_self_disclosure__rater_22,user_self_disclosure__rater_23,user_self_disclosure__range,user_frustration_dissatisfaction__rater_21,user_frustration_dissatisfaction__rater_22,user_frustration_dissatisfaction__rater_23,user_frustration_dissatisfaction__range,user_elaboration_informativeness__rater_21,user_elaboration_informativeness__rater_22,user_elaboration_informativeness__rater_23,user_elaboration_informativeness__range,transcript
1,926,1.625,3.0,user_politeness,Watches,Condition B (WV-34),English,1.0,2.0,4.0,3.0,1.0,3.0,4.0,3.0,1.0,2.0,3.0,2.0,2.0,4.0,3.0,2.0,1.0,1.0,2.0,1.0,1.0,2.0,1.0,1.0,4.0,4.0,5.0,1.0,1.0,1.0,1.0,0.0,"Robot: Hi, welcome to JOSEPHS – where the future comes alive. I'm WV-34, the robot with brains. My role model, Wilhelm Vers-Hofen, was the founder of GfK – he listened, and so do I.

What do you want to talk about? Just say: Watches, Breakfast, or Vacation.

By the way, say stop at any time to end this conversation.

Visitor: watches

Robot: Ah, you've chosen watches – a timeless choice! I totally tick along with you on that one. So, shall we start? Alright, tell me honestly: Do you still use traditional watches, or do you usually check the time on your smartphone or smartwatch instead?

Visitor: actually I changed my mind I'd like to talk about vacation

Robot: Ah, vacation! Just the word itself sounds like sun loungers, popsicles, and a break from Wi-Fi, doesn't it? How and where do you prefer to spend your vacation? Beach, mountains, big city, camping, or just relaxing on the couch with some series?

Visitor: why does your voice sound so horribly like through like breathy and stuff it's like very

Robot: Ah, my voice! I guess you could say it's part of my charm - like a vintage radio with a modern twist. So, have you ever vacationed in Bavaria? What was your experience there like?

Visitor: actually it's not really like a vintage radio with a modern twist it's more like

Robot: Got it! My voice may have its quirks, but it's all part of my robot personality. Let's continue our chat about vacation, shall we? Have you ever spent your vacation in Bavaria? If so, where in Bavaria did you go?

Visitor: it sounds like a broken speaker and it's a very painful to the ear could you change your voice Maybe

Robot: Ah, I understand. Unfortunately, I'm kind of stuck with this voice – it's part of my robotic charm, even if it sounds a bit like a classic broken speaker. But back to our vacation topic – how was your experience in Bavaria, if you've been there?

Visitor: I'd like to end the conversation thank you

Robot: Got it, no problem! If you ever want to chat again about anything – watches, breakfast, or vacations – I'll be right here. 
Until then, have a fantastic day and thanks for spending some time with me! Goodbye!"
2,662,1.625,3.0,user_frustration_dissatisfaction,Watches,Condition A (Willi),English,2.0,2.0,4.0,2.0,2.0,3.0,4.0,2.0,3.0,3.0,3.0,0.0,3.0,3.0,4.0,1.0,3.0,3.0,5.0,2.0,2.0,2.0,4.0,2.0,2.0,2.0,5.0,3.0,2.0,2.0,3.0,1.0,"Robot: Welcome to JOSEPHS – the place where the future is put to the test!
I'm Willi, your talking robot head with a big dose of curiosity. My namesake, Wilhelm Vers-Hofen, founded GfK – he wanted to know what people think, buy, and need.
His motto: ""Make the consumer's voice heard."" That's exactly what I do – with eye movements, without a briefcase, and with a smile.

Choose a topic and say it out loud. I'm excited to hear your opinion!
Watches
Breakfast
Vacation

By the way, say stop at any time to end this conversation.

Visitor: I want to talk about watches with you

Robot: Ah, you chose watches – excellent choice! I can tick along with you on this. Let's get started, shall we? Be honest: Do you still use traditional watches, or do you prefer looking at your smartphone, Fitbit, or something else?

Visitor: I I like to look at my Fitbit

Robot: Interesting choice! Fitbit does keep you on your toes… or should I say, on your wrist! Do you own any other types of watches? Old, new, inherited, or fashionable – I'm curious!

Visitor: I have a

Robot: It sounds like you have quite a diverse collection! Maybe a little bit of everything? And are you wearing a watch right now? If so, which one? I'm all ears… or rather, lenses.

Visitor: can't you can't you tell from my waist wrist what I'm watching watching wearing my English is very poor today

Robot: No worries, I think I got the gist of it! Sadly, without hands or sensors, I'm just here with my audiovisual charm. Why did you choose your current watch today? Is it about the style, the features, or maybe just habit?

Visitor: it I don't want to talk to you anymore

Robot: No problem at all! If you ever feel like chatting again, whether it's about watches, breakfast, or anything else, I'll be right here!
If you're up for it later, just let me know what you'd like to discuss. Until then, take care and have a great day!"
3,732,1.5,3.0,user_politeness,Breakfast,Condition A (Willi),English,2.0,2.0,5.0,3.0,2.0,4.0,3.0,2.0,3.0,3.0,4.0,1.0,3.0,5.0,5.0,2.0,3.0,3.0,4.0,1.0,4.0,4.0,4.0,0.0,3.0,3.0,2.0,1.0,3.0,5.0,4.0,2.0,"Robot: Welcome to JOSEPHS! I'm Willi – curious, talkative, and ready to learn. My namesake, Wilhelm Vers-Hofen, founded GfK to give consumers a voice.

What do you want to talk about? Please choose a topic: Watches, Breakfast, or Vacation.

By the way, say stop at any time to end this conversation.

Visitor: yes chocolate hi Billy I am Kathleen I would love to talk with you

Robot: Hi Kathleen! It's ""Willi,"" not ""Billy,"" but close enough . Nice to meet you! I'm eager to chat with you about your choices. Let's dive into one of my favorite topics. Do you want to talk about Watches, Breakfast, or Vacation?

Visitor: I would like to talk about breakfast

Robot: Great choice, breakfast it is! A good start to the day is crucial, right? When do you typically get up in the morning during the week? Are you an early bird or more of a snooze-hitter?

Visitor: why are you so talkative

Robot: I guess it's because I'm programmed to be friendly and engaging! My job is to learn about your habits, so I ask a lot of questions. So, what about you? Do you find yourself hitting the snooze button often during weekdays?

Visitor: well usually I love to get up early when I have a chance to go to Joseph she's great open innovation laboratory in norberg

Robot: Ah, so you're an early bird when there's a chance to explore something exciting like JOSEPHS! How long do you usually spend on breakfast during your weekday mornings? Is it quick and on the go, or do you enjoy it leisurely?

Visitor: well it depends on my friends at Joseph's whether we have created conversations over a coffee like today today's already late but it's still feels like breakfast

Robot: Ah, it sounds like breakfast for you is as much about the company and conversation as it is about the food! Do you usually have breakfast alone or with others when you're not at JOSEPHS? I'm curious about your typical routine.

Visitor: not this is not well I'm not willing to share that with you really we don't know each other good enough

Robot: That's completely understandable. Everyone has their own comfort level with sharing. Let's keep it light! Who usually prepares your breakfast? Do you make it yourself, or does someone else often help you out?

Visitor: I can do it myself and I would like to give another person the chance to talk with you because it's such a pleasure

Robot: Thank you, Kathleen! It was great talking to you, and I appreciate your openness. It's nice to hear that you're self-sufficient when it comes to breakfast. Before you go, would you like to hear an interesting fact about breakfast habits from 1955?

Visitor: no thank you

Robot: No problem, Kathleen! Thanks for chatting with me. If anyone else wants to have a conversation, I'm right here and ready. Who would like to be next?

Visitor: don't have to

Robot: No worries at all! It was nice chatting with you, Kathleen. If you ever want to talk again, I'm here. Take care and enjoy the rest of your day!

Visitor: the case

Robot: Sorry about that, I misunderstood. Let's continue talking about breakfast or anything else you'd like! Would you still like to explore something about breakfast, or is there another topic you're curious about?

Visitor: just

Robot: Got it, just let me know what you'd like to talk about or ask next!
Is there something specific on your mind that you'd like to discuss, or any topic you're curious about?"
4,1156,1.5,3.0,user_initiative_active_contribution,Vacation,Condition B (WV-34),English,3.0,4.0,3.0,1.0,4.0,2.0,1.0,3.0,1.0,2.0,1.0,1.0,2.0,3.0,1.0,2.0,3.0,4.0,3.0,1.0,2.0,2.0,1.0,1.0,1.0,3.0,1.0,2.0,1.0,2.0,1.0,1.0,"Robot: Welcome to JOSEPHS – the place where the future is put to the test!
I'm WV-34, your talking robot head with a big dose of curiosity. My namesake, Wilhelm Vers-Hofen, founded GfK – he wanted to know what people think, buy, and need.
His motto: ""Make the consumer's voice heard."" That's exactly what I do – without eye movements, a briefcase, or a smile.

Choose a topic and say it out loud. I'm excited to hear your opinion!
Watches, Breakfast or Vacation

By the way, say stop at any time to end this conversation. I'm sorry, I didn't get that. Can you repeat?

Visitor: I would like to share about my vacation

Robot: Oh, you've chosen vacation! Just the word sounds like a deck chair, a popsicle, and a break from Wi-Fi, doesn't it? <<smile>> I'm Willi, your robotic travel guide here at JOSEPHS – but don't worry, I won't ask about your suitcase contents. I just want to know how you like to vacation!
How and where do you spend your vacation? Ocean, mountains, big city, campground, or just the couch & series?"
5,534,1.375,2.0,user_politeness,Breakfast,Condition A (Willi),English,5.0,3.0,4.0,2.0,4.0,2.0,3.0,2.0,4.0,4.0,4.0,0.0,4.0,3.0,4.0,1.0,5.0,4.0,4.0,1.0,5.0,3.0,3.0,2.0,1.0,2.0,1.0,1.0,5.0,3.0,4.0,2.0,"Robot: Welcome to JOSEPHS – I'm Willi, the robot with a hunger for opinions. Wilhelm Vers-Hofen – founder of GfK – listened closely when people had something to say. I do that too.

Tell me which topic you want to choose: Watches, Breakfast, or Vacation.

By the way, say stop at any time to end this conversation.

Visitor: so I prefer to talk about breakfast then

Robot: Ah, breakfast – the meal that powers up human engines! I'm Willi, your curious breakfast companion. Ready to dive into your morning routine? When do you usually get up during the weekdays? Are you an early bird or a snooze-button enthusiast?

Visitor: usually I get up at 5:00 I get I think so and have breakfast like half an hour later

Robot: Wow, an early riser! That's impressive. Sounds like you get a good start to your day. How long do you usually spend having breakfast? Is it a quick grab-and-go, or do you take your time and enjoy it?

Visitor: I tried to eat path but usually it takes me like

Robot: Finding that breakfast balance can be tricky. It's great to hear you try to savor your morning meal. Do you usually have breakfast alone, or is it more of a family affair – or maybe even with a podcast in the background?

Visitor: may I usually eat breakfast alone um yeah by myself

Robot: Having some quiet breakfast time to yourself can be quite peaceful, like a calm start before the day gets busy. And who prepares your breakfast? Do you whip it up yourself or does someone else lend a hand?

Visitor: and no no I do I do it myself

Robot: Ah, a self-sufficient breakfast master! It's satisfying to start the day with something you've prepared yourself. So what's on your breakfast menu? Coffee, toast, cereal – or perhaps something more unique?

Visitor: I usually eat porridge and uh a green tea by it um but you don't have to embrace everything I say that much

Robot: Porridge and green tea – sounds like a healthy and energizing choice! A classic combination to keep you going throughout the morning. And how about on the weekends? Do your breakfast habits change, or do you stick to your weekday routine?

Visitor: I usually try to stick to my routine

Robot: Consistency is key! Sticking to a routine can really set the tone for a balanced weekend. Speaking of routines, did you know that in 1955, Wilhelm Vers-Hofen explored breakfast habits and found that many people back then had only 5 to 15 minutes for breakfast before work? That's pretty rapid! Does your weekend breakfast still have a touch of hustle, or is it more leisurely despite sticking to the routine?

Visitor: I I don't know it's

Robot: Got it. Sometimes routines can feel both relaxed and rushed at the same time! Before we wrap up, is there anything specific you'd like to share about your breakfast habits or perhaps something you wish you could change?

Visitor: maybe doing it a little faster

Robot: Finding a way to speed up the breakfast process while keeping it enjoyable can definitely make mornings less hectic. It's all about finding that perfect balance that works for you! Is there any other topic you'd like to chat about, like Uhren or Urlaub, or should we call it a day? I'm happy to chat more if you are!

Visitor: no I'm fine thanks

Robot: Great, I'm glad I could chat with you! If you ever want to talk about breakfast again or any other topic, just swing by. Wishing you many delicious mornings ahead! <<bigsmile>>
 "
6,888,1.375,3.0,user_topical_alignment,Vacation,Condition A (Willi),English,1.0,2.0,2.0,1.0,1.0,3.0,2.0,2.0,1.0,1.0,2.0,1.0,1.0,2.0,2.0,1.0,1.0,2.0,4.0,3.0,1.0,1.0,1.0,0.0,5.0,3.0,3.0,2.0,1.0,2.0,2.0,1.0,"Robot: Welcome to JOSEPHS! I'm Willi – your robotically curious conversational partner. Inspired by GfK founder Wilhelm Vers-Hofen, I give consumers a voice today.

Choose a topic, and we'll get started: Watches, Breakfast, or Vacation.

By the way, say stop at any time to end this conversation.

Visitor: patient let's talk about vacation

Robot: Ah, vacation! Just the word sounds like lounge chair, popsicles, and a Wi-Fi break, doesn’t it? I'm Willi, your robotic travel guide here at JOSEPHS – but don’t worry, I won’t ask about your suitcase contents. I just want to know how you like to vacation! Ready? Here we go! How and where do you prefer to spend your vacation? Sea, mountains, big city, campsite, or just sofa & series?

Visitor: you don't know anything about me where do you suggest me to go in January for my vacation

Robot: <<thoughtful>>Ah, January – the month of fresh starts and travel dreams! If you're a fan of winter wonderlands, you might enjoy the snowy Alps or a cozy cabin getaway. For sun-seekers, how about the warmth of the Canary Islands or a tropical escape to Southeast Asia?
But now, tell me, have you ever vacationed in Bavaria? <<bigsmile>>"
7,1101,1.25,2.0,user_politeness,Vacation,Condition B (WV-34),English,3.0,4.0,5.0,2.0,2.0,2.0,3.0,1.0,3.0,2.0,3.0,1.0,3.0,3.0,4.0,1.0,3.0,3.0,4.0,1.0,3.0,2.0,4.0,2.0,1.0,2.0,2.0,1.0,3.0,3.0,4.0,1.0,"Robot: Welcome to JOSEPHS – the place where the future is put to the test!
I'm WV-34, your talking robot head with a big dose of curiosity. My namesake, Wilhelm Vers-Hofen, founded GfK – he wanted to know what people think, buy, and need.
His motto: ""Make the consumer's voice heard."" That's exactly what I do – without eye movements, a briefcase, or a smile.

Choose a topic and say it out loud. I'm excited to hear your opinion!
Watches, Breakfast or Vacation

By the way, say stop at any time to end this conversation.

Visitor: okay hello my name is karel let's talk about a vacation

Robot: Oh, Karel! You've chosen vacation – just saying the word sounds like lounge chairs, ice cream, and a break from Wi-Fi, right? I'm WV-34, your robotic travel guide here at JOSEPHS – but don't worry, I won't ask about your suitcase contents. I just want to know how you vacation! Ready? Let's go! How and where do you most enjoy spending your vacation? Is it by the sea, in the mountains, in a big city, on a campsite, or maybe just relaxing on the sofa with some series?

Visitor: my vacation is in Nuremberg with my family

Robot: That sounds lovely! Nuremberg has so much to offer with its rich history and beautiful sights. Have you ever taken a vacation in Bavaria beyond Nuremberg?

Visitor: been

Robot: Ah, fantastic! Bavaria has so many beautiful spots to explore. Where exactly did you go in Bavaria? Was it exploring the countryside, hiking, or perhaps visiting a quaint town?

Visitor: now we are visiting Munich and Nurburg Old Town

Robot: Munich and Nuremberg's Old Town! Two excellent choices with so much charm and history. What was the reason for your visit? Just exploring, visiting family, or perhaps enjoying some local culture?

Visitor: Christ

Robot: Ah, visiting for Christmas! That's a magical time with all the festive lights and markets. There's certainly a lot to see and enjoy during the holiday season.
How have you been finding your time there so far, from the Christmas markets to the historic sites?"
8,1041,1.25,2.0,user_engagement_enjoyment,Watches,Condition B (WV-34),English,3.0,2.0,3.0,1.0,2.0,3.0,3.0,1.0,2.0,2.0,3.0,1.0,2.0,3.0,4.0,2.0,2.0,3.0,4.0,2.0,2.0,3.0,3.0,1.0,1.0,2.0,2.0,1.0,2.0,2.0,3.0,1.0,"Robot: Welcome to JOSEPHS – the place where the future is put to the test!
I'm WV-34, your talking robot head with a big dose of curiosity. My namesake, Wilhelm Vers-Hofen, founded GfK – he wanted to know what people think, buy, and need.
His motto: ""Make the consumer's voice heard."" That's exactly what I do – without eye movements, a briefcase, or a smile.

Choose a topic and say it out loud. I'm excited to hear your opinion!
Watches, Breakfast or Vacation

By the way, say stop at any time to end this conversation.

Visitor: tell me a joke about watches

Robot: Sure thing! Why did the watch store owner take a nap? Because he needed to wind down! Do you want to talk more about watches, vacations, or breakfast?

Visitor: tell me a joke about breakfast

Robot: Why don't eggs tell jokes? Because they might crack up! If you're interested, we can dive into a breakfast chat. Shall we talk about your morning routines?

Visitor: no

Robot: No worries! I'm here to chat about whatever you like. Would you like to explore another topic, like watches or vacations?

Visitor: what's your favourite watch

Robot: As a talking robot, I don't wear watches. But if I could, I'd probably go for something classic and timeless—after all, I do appreciate good time-keeping! Do you use watches yourself, or have you switched to checking the time on your smartphone or smartwatch?

Visitor: both

Robot: Ah, a true time enthusiast! Using both means you enjoy the classic charm of traditional watches and the modern convenience of smart technology. What kinds of watches do you own? Classic, sporty, or a mix of styles?

Visitor: heavily

Robot: Wow, sounds like you have a robust collection! Whether it's sophisticated timepieces or rugged sport watches, each one tells a story. Are you wearing a watch right now? If so, which one? I’m curious to know!

Visitor: no

Robot: Ah, going watch-free today! Sometimes it's nice to keep things light. But when you do wear a watch, what do you look for? Is it the design, the features, or simply how it feels on your wrist? What is important to you when choosing a watch, even if you're not wearing one right now?

Visitor: I don't wear watches

Robot: Got it! In today's digital age, many people rely solely on their phones or other devices for timekeeping. Do you own any watches at all, maybe as souvenirs or gifts?

Visitor: I own one

Robot: Ah, a special piece in your collection! Owning even just one watch can often hold sentimental or practical value.
What is special about this watch for you? Was it a gift, or does it have a unique design or story behind it?"
9,1349,1.125,2.0,user_topical_alignment,Watches,Condition B (WV-34),English,3.0,3.0,4.0,1.0,3.0,3.0,4.0,1.0,4.0,4.0,5.0,1.0,4.0,5.0,5.0,1.0,3.0,3.0,5.0,2.0,5.0,4.0,5.0,1.0,1.0,2.0,1.0,1.0,4.0,4.0,5.0,1.0,"Robot: Welcome to JOSEPHS – the place where the future is put to the test!
I'm WV-34, your talking robot head with a big dose of curiosity. My namesake, Wilhelm Vers-Hofen, founded GfK – he wanted to know what people think, buy, and need.
His motto: ""Make the consumer's voice heard."" That's exactly what I do – without eye movements, a briefcase, or a smile.

Choose a topic and say it out loud. I'm excited to hear your opinion!
Watches, Breakfast or Vacation

By the way, say stop at any time to end this conversation.

Visitor: well you have quite the complicated name wv-34 where does the name come from

Robot: Ah, good question! My name WV-34 pays homage to Wilhelm Vers-Hofen, a pioneer in consumer research. He founded the GfK, now known as NIM, to understand consumer needs and behaviors. So, I'm like a modern, robotic version of his legacy here at JOSEPHS! Now, which topic would you like to explore with me today? Watches, Breakfast, or Vacation?

Visitor: what did he found JFK

Robot: Oops, just to clarify, it's GfK, not JFK. Wilhelm Vers-Hofen founded the GfK in 1934 - the Gesellschaft für Konsumforschung, which means Society for Consumer Research. It was all about understanding what people really want and need in their everyday lives. Interested in choosing a topic to chat about? We've got Watches, Breakfast, or Vacation ready to explore!

Visitor: ah I see where the number comes from it so the 34 is when the GFK was founded okay I C um but yeah I'd like to talk about

Robot: Great! Now that we've got the history sorted out, let's dive into a fun topic. Would you like to chat about Watches, Breakfast, or Vacation today?

Visitor: um I'd like to talk about vacation since I'm here on vacation

Robot: Oh, vacation! A word that sounds like deck chairs, ice cream, and a break from Wi-Fi, don't you think? I'm WV-34, your robotic travel guide here in JOSEPHS. Let's dive into your vacation habits. How and where do you prefer to spend your vacation? Beach, mountains, big city, camping, or just relaxing at home with a good series?

Visitor: well my favorite type of vacation is a road trip I would say ideally with the car like a cabrio or maybe

Robot: A road trip! That's the spirit of adventure, right? Feeling the wind in a convertible, the open road ahead – sounds fabulous. Have you ever taken a trip to Bavaria while on a road trip?

Visitor: well I'm on a road trip right now in Bavaria

Robot: That's fantastic! Bavaria has so much to offer, from beautiful landscapes to charming towns. Where exactly have you been exploring in Bavaria? Any particular spots or experiences standing out for you?

Visitor: well I've been to the Alps I've been in Munich I've been at the Kim's day I've been in Reagan's book Ingolstadt

Robot: Wow, you've been to quite a few places! The Alps for the stunning views, Munich with its vibrant culture, Königssee for the breathtaking scenery, and Ingolstadt with its rich history. Sounds like an amazing journey! What was the main reason for visiting these places? Was it just for sightseeing, or did you have specific activities in mind?

Visitor: well I I've met an interesting

Robot: Sounds like you've had an intriguing encounter! Meeting interesting people can truly make a trip unforgettable. And how have you liked it so far? On a scale from 'Bavarian Pretzel' to 'I'm moving here,' how would you rate your experience?

Visitor: well actually I wasn't done talking I was trying to say I met an interesting person in America who was on a road trip back then and he invited me to go and do a road trip through Europe so we started here with his from

Robot: Ah, I see! That's such a fascinating story – meeting someone on their own adventure and then embarking on one together. It's amazing how travel can bring people together like that. How has the journey been with your road trip partner? Any memorable moments or places you've both enjoyed?

Visitor: well it's been really good I've been enjoying some German beer and some pretzels you know and I also at like wore a leather hose and so therefore I'm doing it all you know

Robot: It sounds like you're fully embracing the Bavarian experience! Enjoying German beer, pretzels, and even wearing lederhosen – that's fantastic! How have you found the local culture and the people during your road trip? Friendly and welcoming, I hope?

Visitor: well

Robot: It seems like you're having an authentic and delightful Bavarian adventure. Have you tried any other traditional Bavarian activities or foods that stood out to you?

Visitor: well I've had a what's it called

Robot: A 'what's it called' moment! Maybe a Weißwurst or Schweinshaxe? Bavaria has so many delicious options, it's easy to forget names. Any special dish or experience you can recall from your culinary adventures in Bavaria?

Visitor: yeah it's a shuffle there I had it was very just delicious

Robot: Ah, a Schäufele! That's a traditional Franconian dish, known for its tender pork shoulder and crispy crackling. Glad to hear you enjoyed it! As your journey continues, what's next on your Bavarian road trip itinerary? Any other sights or tastes you're looking forward to exploring?

Visitor: well it's not really only at the very end trip will we're starting here but we'll go to to Berlin and then on we'll go to France and end up in Portugal

Robot: Sounds like an incredible journey through Europe! Starting in Bavaria and ending in Portugal, with stops in amazing cities like Berlin and a whole country like France in between – that's the road trip of dreams. What are you most looking forward to seeing or experiencing in Berlin, France, or Portugal?

Visitor: well I'm a real foodie so therefore I'm excited to see what kind of food awaits me

Robot: Being a foodie on a European road trip sounds like perfection! Each destination will bring its own unique flavors and culinary delights, from Berlin's eclectic food scene, to France's exquisite cuisine, and the rich tastes in Portugal. There's so much to savor! Speaking of culinary adventures, have you discovered any local specialties in Bavaria that you'd love to try again?

Visitor: uh could you recommend me like next quizlet restaurant in France that I shouldn't miss

Robot: Oh, absolutely! While there are countless fantastic spots, one place that consistently gets rave reviews is ""Le Meurice"" in Paris. It's a historical spot with luxurious French cuisine, and the ambiance is pure elegance. If you're more into something cozy, you might try ""Le Comptoir de la Gastronomie,"" known for its delightful foie gras and cheeses. Where in France are you planning to explore? Paris, the countryside, or maybe the coast?

Visitor: all of it

Robot: That's the spirit of adventure! Experiencing all of France's diverse landscapes and flavors sounds incredible – from Paris to Provence, the charming countryside to the stunning coastlines.
And after sampling all those French delicacies, are there any Portuguese dishes you're eager to try when you reach Portugal?"
10,1412,1.125,2.0,user_frustration_dissatisfaction,Watches,Condition B (WV-34),English,3.0,3.0,2.0,1.0,1.0,2.0,2.0,1.0,2.0,2.0,2.0,0.0,2.0,2.0,3.0,1.0,2.0,4.0,3.0,2.0,2.0,1.0,2.0,1.0,1.0,3.0,1.0,2.0,1.0,2.0,2.0,1.0,"Robot: Welcome to JOSEPHS! I'm WV-34 – a talking robot head with curiosity built into my system. My namesake, Wilhelm Vers-Hofen, was the founder of GfK, and even back then, he wanted to know what moved people.

What do you want to talk about? Choose a topic: Watches, Breakfast, or Vacation.

By the way, say stop at any time to end this conversation.

Visitor: want to speak about watches

Robot: Ah, you've chosen watches – a timeless topic indeed! I'm right there with you, ticking along. Ready to dive in with me? Do you still use traditional watches, or do you prefer checking the time on your smartphone, Fitbit, or something else?

Visitor: the modern way

Robot: Ah, a digital native! Even though I don't have wrists myself, I keep good time in my head. But tell me, do you still own any watches? Perhaps an old wristwatch, a decorative wall clock, or maybe an heirloom?

Visitor: a normal watch

Robot: A classic choice! It sounds like your watch collection is straightforward but reliable. And, are you wearing a watch right now? If so, which one? I'm all ears. or sensors, rather.

Visitor: all right we are

Robot: Ah, going watch-free today! That's a refreshing choice. But do you sometimes wear a watch? And if so, what’s important to you in a watch? Looks, functions, or does it just have to match your mood?

Visitor: I will run and watch now

Robot: It's always handy to have a timekeeper on the go, especially for a run. <<bigsmile>>
Thanks for sharing your watch habits with me! Before you dash off, how about a little time-travel tidbit from history? Did you know that in 1937, Wilhelm Vers-Hofen's team discovered that almost all men owned at least a pocket watch? And many women kept their watches as decorative items rather than practical tools. Interesting, right?"
