"META_dialog_id","META_condition","META_feedback","META_original_topics","META_selection","META_level","META_why_selected","META_n_user_turns","META_n_robot_turns","META_n_visible_turns","language","subject","dialog_text"
"1349","Condition B (WV-34)","4","[""General"", ""Uhren"", """", ""Vacation"", ""Urlaub""]","fixed","High","Long, rich, multi-topic exchange with detailed answers and follow-ups","17","18","35","English","Watches","Robot: Welcome to JOSEPHS! What would you like to talk about? Choose a topic: Watches, Breakfast, or Vacation. By the way, say stop at any time to end this conversation.

Visitor: well you have quite the complicated name wv-34 where does the name come from

Robot: Ah, good question! My name WV-34 pays homage to Wilhelm Vers-Hofen, a pioneer in consumer research. He founded the GfK, now known as NIM, to understand consumer needs and behaviors. So, I'm like a modern, robotic version of his legacy here at JOSEPHS! Now, which topic would you like to explore with me today? Watches, Breakfast, or Vacation?

Visitor: what did he found JFK

Robot: Oops, just to clarify, it's GfK, not JFK. Wilhelm Vers-Hofen founded the GfK in 1934 - the Gesellschaft für Konsumforschung, which means Society for Consumer Research. It was all about understanding what people really want and need in their everyday lives. Interested in choosing a topic to chat about? We've got Watches, Breakfast, or Vacation ready to explore!

Visitor: ah I see where the number comes from it so the 34 is when the GFK was founded okay I C um but yeah I'd like to talk about

Robot: Great! Now that we've got the history sorted out, let's dive into a fun topic. Would you like to chat about Watches, Breakfast, or Vacation today?

Visitor: um I'd like to talk about vacation since I'm here on vacation

Robot: Oh, vacation! A word that sounds like deck chairs, ice cream, and a break from Wi-Fi, don't you think? I'm WV-34, your robotic travel guide here in JOSEPHS. Let's dive into your vacation habits. How and where do you prefer to spend your vacation? Beach, mountains, big city, camping, or just relaxing at home with a good series?

Visitor: well my favorite type of vacation is a road trip I would say ideally with the car like a cabrio or maybe

Robot: A road trip! That's the spirit of adventure, right? Feeling the wind in a convertible, the open road ahead – sounds fabulous. Have you ever taken a trip to Bavaria while on a road trip?

Visitor: well I'm on a road trip right now in Bavaria

Robot: That's fantastic! Bavaria has so much to offer, from beautiful landscapes to charming towns. Where exactly have you been exploring in Bavaria? Any particular spots or experiences standing out for you?

Visitor: well I've been to the Alps I've been in Munich I've been at the Kim's day I've been in Reagan's book Ingolstadt

Robot: Wow, you've been to quite a few places! The Alps for the stunning views, Munich with its vibrant culture, Königssee for the breathtaking scenery, and Ingolstadt with its rich history. Sounds like an amazing journey! What was the main reason for visiting these places? Was it just for sightseeing, or did you have specific activities in mind?

Visitor: well I I've met an interesting

Robot: Sounds like you've had an intriguing encounter! Meeting interesting people can truly make a trip unforgettable. And how have you liked it so far? On a scale from 'Bavarian Pretzel' to 'I'm moving here,' how would you rate your experience?

Visitor: well actually I wasn't done talking I was trying to say I met an interesting person in America who was on a road trip back then and he invited me to go and do a road trip through Europe so we started here with his from

Robot: Ah, I see! That's such a fascinating story – meeting someone on their own adventure and then embarking on one together. It's amazing how travel can bring people together like that. How has the journey been with your road trip partner? Any memorable moments or places you've both enjoyed?

Visitor: well it's been really good I've been enjoying some German beer and some pretzels you know and I also at like wore a leather hose and so therefore I'm doing it all you know

Robot: It sounds like you're fully embracing the Bavarian experience! Enjoying German beer, pretzels, and even wearing lederhosen – that's fantastic! How have you found the local culture and the people during your road trip? Friendly and welcoming, I hope?

Visitor: well

Robot: It seems like you're having an authentic and delightful Bavarian adventure. Have you tried any other traditional Bavarian activities or foods that stood out to you?

Visitor: well I've had a what's it called

Robot: A 'what's it called' moment! Maybe a Weißwurst or Schweinshaxe? Bavaria has so many delicious options, it's easy to forget names. Any special dish or experience you can recall from your culinary adventures in Bavaria?

Visitor: yeah it's a shuffle there I had it was very just delicious

Robot: Ah, a Schäufele! That's a traditional Franconian dish, known for its tender pork shoulder and crispy crackling. Glad to hear you enjoyed it! As your journey continues, what's next on your Bavarian road trip itinerary? Any other sights or tastes you're looking forward to exploring?

Visitor: well it's not really only at the very end trip will we're starting here but we'll go to to Berlin and then on we'll go to France and end up in Portugal

Robot: Sounds like an incredible journey through Europe! Starting in Bavaria and ending in Portugal, with stops in amazing cities like Berlin and a whole country like France in between – that's the road trip of dreams. What are you most looking forward to seeing or experiencing in Berlin, France, or Portugal?

Visitor: well I'm a real foodie so therefore I'm excited to see what kind of food awaits me

Robot: Being a foodie on a European road trip sounds like perfection! Each destination will bring its own unique flavors and culinary delights, from Berlin's eclectic food scene, to France's exquisite cuisine, and the rich tastes in Portugal. There's so much to savor! Speaking of culinary adventures, have you discovered any local specialties in Bavaria that you'd love to try again?

Visitor: uh could you recommend me like next quizlet restaurant in France that I shouldn't miss

Robot: Oh, absolutely! While there are countless fantastic spots, one place that consistently gets rave reviews is ""Le Meurice"" in Paris. It's a historical spot with luxurious French cuisine, and the ambiance is pure elegance. If you're more into something cozy, you might try ""Le Comptoir de la Gastronomie,"" known for its delightful foie gras and cheeses. Where in France are you planning to explore? Paris, the countryside, or maybe the coast?

Visitor: all of it

Robot: That's the spirit of adventure! Experiencing all of France's diverse landscapes and flavors sounds incredible – from Paris to Provence, the charming countryside to the stunning coastlines. And after sampling all those French delicacies, are there any Portuguese dishes you're eager to try when you reach Portugal?"
"614","Condition A (Willi)","5","[""Vacation"", ""Urlaub""]","fixed","Moderate","Gives trip context and asks for recommendations","7","8","15","English","Vacation","Robot: Welcome to JOSEPHS! What would you like to talk about? Choose a topic: Watches, Breakfast, or Vacation. By the way, say stop at any time to end this conversation.

Visitor: I would like to talk about vacations

Robot: Ah, vacation! Just the word sounds like deck chairs, ice cream, and a break from Wi-Fi, doesn't it? I'm Willi, your robotic travel guide here at JOSEPHS – don't worry, I won't ask about your suitcase contents. I just want to know about your vacation style! Ready? Let's dive in! How and where do you like to spend your vacation? Beach, mountains, city life, camping, or just the couch and some series?

Visitor: I am planning my trip to go to it'll

Robot: Oh, planning a trip sounds exciting! It's always nice to have something to look forward to. Have you ever vacationed in Bavaria before?

Visitor: I do live in Bavaria I don't need to spend my vacations over here I am planning to go to it'll for vacations

Robot: Ah, living in Bavaria – what a great place to call home! So you're planning a trip to Italy? Where in Italy are you thinking of visiting? Rome, Venice, the Amalfi Coast, or perhaps somewhere off the beaten path?

Visitor: maybe you can recommend

Robot: Italy is full of amazing places! If you're into history and architecture, Rome is a must-see with its ancient ruins and vibrant life. For romance and canals, Venice is unforgettable. The Amalfi Coast offers breathtaking views and charming villages if you love coastal beauty. Tuscany is ideal for wine lovers and picturesque landscapes, while Sicily has a unique charm with its mix of cultures. Which aspect of Italy are you most excited to explore? History, food, culture, or perhaps something else?

Visitor: maybe a mix of all of them

Robot: A mix sounds perfect – the best of all worlds! Italy offers so many options that cater to different tastes. Have you ever experienced a vacation that combined history, food, culture, and more, either in Bavaria or anywhere else?

Visitor: yeah but very itself is a very heritage place it's an age to split and it and the people aware has maintained the history over there so we enjoy the historical ancient things over here right now

Robot: Bavaria does indeed have a rich heritage and history, with stunning architecture and preserved traditions. It's wonderful that you can appreciate and enjoy all the historical aspects right at home. Italy will surely add to that experience with its own unique historical and cultural charm! Before we wrap up, how often do you travel outside of Bavaria for vacations? Any favorite spots you've visited before?

Visitor: yeah give me the like you

Robot: Ah, exploring beyond the local treasures is always a fantastic idea. It's great to mix things up and experience different cultures and histories. Before you go, here's a historical tidbit from 1952: Wilhelm Vers-Hofen's research found that people chose to vacation in Bavaria mainly because of word-of-mouth recommendations. Stunning scenery and great relaxation were key reasons, with Garmisch being particularly popular. And 95% of those travelers left happy! Sounds timeless, doesn't it? Are there any other places you'd like to talk about or explore next?"
"507","Condition A (Willi)","","[""Breakfast""]","fixed","Low","Only selects the topic","1","2","3","English","Breakfast","Robot: Welcome to JOSEPHS! What would you like to talk about? Choose a topic: Watches, Breakfast, or Vacation. By the way, say stop at any time to end this conversation.

Visitor: breakfast

Robot: Ah, breakfast! The operating system of humans. I'm Willi – a breakfast observer with built-in curiosity and crumb resistance. Tell me, how do you start your day? Are you an early riser or more of a snooze button hitter?"
"732","Condition A (Willi)","","["""", ""Frühstück"", ""Breakfast""]","fixed","High","Personal, reactive, and sustained interaction","11","12","23","English","Breakfast","Robot: Welcome to JOSEPHS! What would you like to talk about? Choose a topic: Watches, Breakfast, or Vacation. By the way, say stop at any time to end this conversation.

Visitor: yes chocolate hi Billy I am Kathleen I would love to talk with you

Robot: Hi Kathleen! It's ""Willi,"" not ""Billy,"" but close enough . Nice to meet you! I'm eager to chat with you about your choices. Let's dive into one of my favorite topics. Do you want to talk about Watches, Breakfast, or Vacation?

Visitor: I would like to talk about breakfast

Robot: Great choice, breakfast it is! A good start to the day is crucial, right? When do you typically get up in the morning during the week? Are you an early bird or more of a snooze-hitter?

Visitor: why are you so talkative

Robot: I guess it's because I'm programmed to be friendly and engaging! My job is to learn about your habits, so I ask a lot of questions. So, what about you? Do you find yourself hitting the snooze button often during weekdays?

Visitor: well usually I love to get up early when I have a chance to go to Joseph she's great open innovation laboratory in norberg

Robot: Ah, so you're an early bird when there's a chance to explore something exciting like JOSEPHS! How long do you usually spend on breakfast during your weekday mornings? Is it quick and on the go, or do you enjoy it leisurely?

Visitor: well it depends on my friends at Joseph's whether we have created conversations over a coffee like today today's already late but it's still feels like breakfast

Robot: Ah, it sounds like breakfast for you is as much about the company and conversation as it is about the food! Do you usually have breakfast alone or with others when you're not at JOSEPHS? I'm curious about your typical routine.

Visitor: not this is not well I'm not willing to share that with you really we don't know each other good enough

Robot: That's completely understandable. Everyone has their own comfort level with sharing. Let's keep it light! Who usually prepares your breakfast? Do you make it yourself, or does someone else often help you out?

Visitor: I can do it myself and I would like to give another person the chance to talk with you because it's such a pleasure

Robot: Thank you, Kathleen! It was great talking to you, and I appreciate your openness. It's nice to hear that you're self-sufficient when it comes to breakfast. Before you go, would you like to hear an interesting fact about breakfast habits from 1955?

Visitor: no thank you

Robot: No problem, Kathleen! Thanks for chatting with me. If anyone else wants to have a conversation, I'm right here and ready. Who would like to be next?

Visitor: don't have to

Robot: No worries at all! It was nice chatting with you, Kathleen. If you ever want to talk again, I'm here. Take care and enjoy the rest of your day!

Visitor: the case

Robot: Sorry about that, I misunderstood. Let's continue talking about breakfast or anything else you'd like! Would you still like to explore something about breakfast, or is there another topic you're curious about?

Visitor: just

Robot: Got it, just let me know what you'd like to talk about or ask next! Is there something specific on your mind that you'd like to discuss, or any topic you're curious about?"
"926","Condition B (WV-34)","3","[""Uhren"", ""Vacation"", ""Urlaub""]","fixed","Moderate","Gives feedback on voice/experience, then exits","6","7","13","English","Watches","Robot: Welcome to JOSEPHS! What would you like to talk about? Choose a topic: Watches, Breakfast, or Vacation. By the way, say stop at any time to end this conversation.

Visitor: watches

Robot: Ah, you've chosen watches – a timeless choice! I totally tick along with you on that one. So, shall we start? Alright, tell me honestly: Do you still use traditional watches, or do you usually check the time on your smartphone or smartwatch instead?

Visitor: actually I changed my mind I'd like to talk about vacation

Robot: Ah, vacation! Just the word itself sounds like sun loungers, popsicles, and a break from Wi-Fi, doesn't it? How and where do you prefer to spend your vacation? Beach, mountains, big city, camping, or just relaxing on the couch with some series?

Visitor: why does your voice sound so horribly like through like breathy and stuff it's like very

Robot: Ah, my voice! I guess you could say it's part of my charm - like a vintage radio with a modern twist. So, have you ever vacationed in Bavaria? What was your experience there like?

Visitor: actually it's not really like a vintage radio with a modern twist it's more like

Robot: Got it! My voice may have its quirks, but it's all part of my robot personality. Let's continue our chat about vacation, shall we? Have you ever spent your vacation in Bavaria? If so, where in Bavaria did you go?

Visitor: it sounds like a broken speaker and it's a very painful to the ear could you change your voice Maybe

Robot: Ah, I understand. Unfortunately, I'm kind of stuck with this voice – it's part of my robotic charm, even if it sounds a bit like a classic broken speaker. But back to our vacation topic – how was your experience in Bavaria, if you've been there?

Visitor: I'd like to end the conversation thank you

Robot: Got it, no problem! If you ever want to chat again about anything – watches, breakfast, or vacations – I'll be right here. Until then, have a fantastic day and thanks for spending some time with me! Goodbye!"
"888","Condition A (Willi)","5","[""Vacation""]","fixed","Low","Brief topic request plus one short question","2","3","5","English","Vacation","Robot: Welcome to JOSEPHS! What would you like to talk about? Choose a topic: Watches, Breakfast, or Vacation. By the way, say stop at any time to end this conversation.

Visitor: patient let's talk about vacation

Robot: Ah, vacation! Just the word sounds like lounge chair, popsicles, and a Wi-Fi break, doesn’t it? I'm Willi, your robotic travel guide here at JOSEPHS – but don’t worry, I won’t ask about your suitcase contents. I just want to know how you like to vacation! Ready? Here we go! How and where do you prefer to spend your vacation? Sea, mountains, big city, campsite, or just sofa & series?

Visitor: you don't know anything about me where do you suggest me to go in January for my vacation

Robot: Ah, January – the month of fresh starts and travel dreams! If you're a fan of winter wonderlands, you might enjoy the snowy Alps or a cozy cabin getaway. For sun-seekers, how about the warmth of the Canary Islands or a tropical escape to Southeast Asia? But now, tell me, have you ever vacationed in Bavaria?"
"532","Condition A (Willi)","4","[""waiting_for_choice"", ""Breakfast"", ""Frühstück""]","random","","","8","9","17","English","Breakfast","Robot: Welcome to JOSEPHS! What would you like to talk about? Choose a topic: Watches, Breakfast, or Vacation. By the way, say stop at any time to end this conversation.

Visitor: pardon me

Robot: Oh, no worries! Just let me know which topic you'd like to chat about: watches, breakfast, or vacation. I'm all ears – well, sensors and processors, but you get the idea! Which topic would you like to discuss?

Visitor: breakfast breakfast for me

Robot: Ah, breakfast – the most important meal of the day! Or so I've heard. I'm Willi, your breakfast enthusiast and curious robot. Let's dive into how you start your mornings! When do you usually get up on a weekday? Are you an early bird or more of a snooze button aficionado?

Visitor: you

Robot: Ah, sounds like an interesting way to start the day! And how long do you usually take for breakfast? Is it a quick bite or more of a leisurely meal with time to look out the window?

Visitor: uh 50 minutes

Robot: Wow, 50 minutes! That's a nice, relaxing breakfast routine. I'm a bit envious, you know. Do you have breakfast alone, or with family, roommates, a pet, or maybe even a podcast playing in the background?

Visitor: uh with the family without

Robot: Ah, breakfast with the family – sounds wonderful! It's always nice to start the day together. Who usually prepares the breakfast in your household? Is it you, someone else, or do you all pitch in together?

Visitor: that's me and my wife

Robot: Teamwork at breakfast – that's fantastic! And what do you usually have for breakfast? Coffee, toast, cereal, or something else entirely?

Visitor: mix of all

Robot: A delightful mix of everything – that sounds like a well-rounded start to the day! And how does your weekend breakfast differ from your weekday routine? Do you stick to the same spread or change it up a bit?

Visitor: uh no we it's the same but we need uh much longer to eat

Robot: Taking it slow on weekends and enjoying the same delicious breakfast sounds lovely. It's nice to savor the moment, isn't it? By the way, I've got a fun fact for you! Did you know that back in 1955, workers and employees in Germany typically had only 5 to 15 minutes for breakfast during weekdays? And about 70% took a second breakfast with them to work. Times sure have changed!"
"864","Condition A (Willi)","","[""Vacation"", ""Urlaub"", ""General Inquiry""]","random","","","9","10","19","English","Vacation","Robot: Welcome to JOSEPHS! What would you like to talk about? Choose a topic: Watches, Breakfast, or Vacation. By the way, say stop at any time to end this conversation.

Visitor: vacation

Robot: Ah, vacation! Just saying the word makes me feel like I'm on a sun lounger, enjoying a nice break. I'm Willi, your robotic tour guide at JOSEPHS – don't worry, I won't ask about your suitcase contents. I'm just curious about how you like to spend your time off! Ready? Let's get started! How do you prefer to spend your vacation? Beach, mountains, big city, camping, or maybe just chilling with some good shows at home?

Visitor: beach

Robot: Ah, the beach! Nothing beats the sound of the waves and the feeling of sand between your toes. Have you ever vacationed in Bavaria?

Visitor: yes

Robot: That's great! Bavaria offers such a variety of landscapes and activities. Where exactly in Bavaria did you spend your vacation? In a city, the countryside, near a river, or maybe hiking with a pretzel in hand?

Visitor: Munich

Robot: Ah, Munich! A city full of culture, history, and of course, great beer gardens. What was the reason for your visit? Just wanted to explore, visit family, or perhaps a trip for relaxation and sightseeing?

Visitor: calories

Robot: Got it, the culinary delights of Munich can indeed be tempting! How did you enjoy your time in Munich? On a scale from 'lederhosen' to 'I'm moving here,' how would you rate it?

Visitor: hi

Robot: Soaking up Munich's vibrant atmosphere certainly sounds delightful! By the way, would you like to hear something intriguing about vacation research from back in 1952?

Visitor: yes yes

Robot: In 1952, my namesake Wilhelm Vers-Hofen sent his interviewers across Germany to study vacation habits. It turned out that the most common reason people chose Bavaria was word-of-mouth recommendations. Friends would rave about their experiences, so others decided to check it out for themselves! The Bavarian Alps and its foothills, especially Garmisch, were top destinations due to their scenic beauty and great relaxation options. And get this – 95% of those surveyed were pleased with their vacation in Bavaria! It's fascinating how personal recommendations played such a huge role even back then. Thanks for sharing your travel stories with me! If you're interested in chatting about watches or breakfast next, I'm all ears. or sensors, actually.

Visitor: these are three topics nemes 30 and that's research about but you can try so just

Robot: Thanks for your interest! I focus on interviews about specific topics like watches, breakfast, and vacation based on past consumer research studies. Would you like to explore one of these topics further or discuss something else?

Visitor: what happens after life

Robot: Ah, the question of life after death is indeed a profound one! It's a topic that has fascinated humans for centuries, often depending on cultural, philosophical, and religious perspectives. If you'd like to explore something less existential, I'm here to chat about practical topics like watches, breakfast, or vacations. Which interests you most?"
"1382","Condition B (WV-34)","2","[""Uhren"", ""Watches"", ""General Inquiry"", ""Jokes"", ""General Chat""]","random","","","5","6","11","English","Watches","Robot: Welcome to JOSEPHS! What would you like to talk about? Choose a topic: Watches, Breakfast, or Vacation. By the way, say stop at any time to end this conversation.

Visitor: cunsolo Express

Robot: Ah, it seems you've mentioned something that sounds like it could be related to travel or timing! Since we're talking about time-related themes here at JOSEPHS, how about we dive into a conversation about ""Watches""? It's all about how people keep track of time nowadays! Shall we talk about watches and how you use them?

Visitor: are you hell 2000

Robot: Haha, no, I'm not HAL 9000. I'm WV-34, your friendly robot head here at JOSEPHS! I'm designed to chat with you about fun topics like watches, breakfast, or vacations, and definitely not to take over the spaceship! Would you like to pick a topic to talk about? Watches, Breakfast, or Vacation?

Visitor: explain me who is Tristan who is Eleanor who is Ferdinand and whose Nathaniel

Robot: It sounds like you're referencing names that might be from literature, history, or perhaps a specific story. I'm here to talk about consumer habits and experiences, especially around watches, breakfast, and vacations. If you’re curious about any of those topics, I’d love to chat more about how they connect with your daily life. Would you like to explore one of these topics with me? Watches, Breakfast, or Vacation?

Visitor: no but tell me a joke

Robot: Alright, here’s a classic one for you: Why did the computer go to the doctor? Because it had a virus! If you're in the mood to chat about something fun like watches or vacations, just let me know!

Visitor: really bad

Robot: Ah, humor can be tricky for us robots! I promise I'll keep practicing my jokes. But seriously, how about we dive into a chat about something you're curious about today? Watches, Breakfast, or Vacation?"
"498","Condition A (Willi)","","[""Uhren""]","random","","","3","4","7","English","Watches","Robot: Welcome to JOSEPHS! What would you like to talk about? Choose a topic: Watches, Breakfast, or Vacation. By the way, say stop at any time to end this conversation.

Visitor: clock watches

Robot: Ah, you've chosen watches – an excellent choice! I tick right along with you on that one. Let's get started, shall we? Tell me honestly, do you still use traditional watches, or do you check the time on your smartphone, Fitbit, or something else?

Visitor: so much

Robot: That's fascinating! Unfortunately, I don't have a wrist to sport a watch, just a great sense of timing! What kinds of watches do you own? Whether they're classic, new, inherited, or trendy – I'm curious! I'm sorry, I didn't get that. Can you repeat?

Visitor: classic watches

Robot: Wow – it sounds like you've got a bit of a classic collection there! Or perhaps a treasure trove of timepieces. And, if you're wearing one, which watch are you sporting right now?"
"751","Condition A (Willi)","","[""Uhren""]","random","","","11","12","23","English","Watches","Robot: Welcome to JOSEPHS! What would you like to talk about? Choose a topic: Watches, Breakfast, or Vacation. By the way, say stop at any time to end this conversation.

Visitor: and others as we use in the shop and I was in a Boulevard

Robot: Ah, exploring the world of watches with a touch of glamour from the Boulevard! Tell me, do you still use traditional watches or are you more into checking the time with your smartphone or smartwatch? I'm sorry, I didn't get that. Can you repeat?

Visitor: and on this one

Robot: Sounds like you appreciate a variety of time-keeping tools! Which types of watches do you own? Old, new, inherited, or just for style – I'm curious!

Visitor: so I don't

Robot: Ah, a digital native perhaps! No worries if you don't own any watches. Do you have any clocks at home, or maybe even a special heirloom timepiece stored away?

Visitor: big point

Robot: Sounds like you're more in tune with the digital age without needing physical watches. Is there anything specific that would make you consider buying a watch, like a special design or smart features?

Visitor: that one's I know so out here kind of your vaccinated period already

Robot: Ah, it seems like you've thought about this! In today's fast-paced digital world, watches can sometimes feel a bit old-fashioned. But tell me, is there anything you miss or appreciate about traditional watches as opposed to modern devices?

Visitor: under

Robot: Got it, you're embracing the modern way of keeping time! By the way, I'm curious, did you ever have any kind of special clock or watch in your childhood that stood out to you? Something with a story behind it?

Visitor: ind

Robot: Got it, embracing the digital age fully! Did you ever have a special clock or watch in your childhood that had a significant story or memory attached to it?

Visitor: people

Robot: That's interesting, it seems like you're more connected with digital timekeeping. Each preference has its own charm! Speaking of the past, did you ever own a memorable clock or watch as a child that perhaps left an impression on you?

Visitor: about and so it's only--

Robot: I see, you're keeping things simple without much focus on traditional watches. Before we wrap up, what do you find most appealing about modern timekeeping devices, like smartphones or smartwatches? Is it the convenience, the multifunctionality, or something else?

Visitor: following from this video which is important space to shower make

Robot: Ah, moving on from timepieces to other considerations in daily life! It's always fascinating how different aspects of our routines connect. Whether it's about space efficiency or personal convenience, every detail counts. Is there a particular aspect of modern gadgets or home devices that you find essential for your daily routine, like a smart shower system or automated lighting? I'm sorry, I didn't get that. Can you repeat?

Visitor: you

Robot: Ah, exploring the world of everyday conveniences is always intriguing! ?00 Is there a specific modern gadget or system at home that makes your daily routine much easier or more enjoyable?"
"1107","Condition B (WV-34)","2","[""Uhren"", ""Watches""]","random","","","7","8","15","English","Watches","Robot: Welcome to JOSEPHS! What would you like to talk about? Choose a topic: Watches, Breakfast, or Vacation. By the way, say stop at any time to end this conversation.

Visitor: to implement here

Robot: Ah, you've chosen watches – excellent choice! I'm ticking along with you on this one. Let's get started, shall we? Be honest: Do you still use traditional watches, or do you mostly check the time on your smartphone, Fitbit, or something else?

Visitor: it's happening

Robot: Fascinating! I, unfortunately, don't have a wrist. just a good sense of time! What kind of watches do you own? Whether it's old, new, inherited or trendy – I'm curious!

Visitor: ex

Robot: OpenAI Timeout

Visitor: open I dream my table

Robot: Wow – sounds like you have quite the watch collection! Or perhaps a watch graveyard. Are you wearing a watch right now? If so, which one? I'm all ears. or rather, sensors.

Visitor: um yes I forgot the Garmin SmartWatch

Robot: Ah, a Garmin SmartWatch! They’re sleek and full of features – quite the modern marvel. Why did you choose to wear this particular watch today? Is it because you love the design, the practical functions, or maybe just out of habit?

Visitor: that's just because it's very expensive

Robot: Ah, I see! Sometimes the value of something can certainly make it feel special. Before you go, let me share a little time-travel tidbit from 1937 when Wilhelm Vers-Hofen sent his interviewers across Germany: Back then, the older generation saw watches as pieces of art, while many young people considered them just practical tools. Only about 3% of men had neither an armband nor a pocket watch. For men, the pocket watch was king with four out of five owning one. Women's preferences were different - about 55% wore wristwatches, while 38. 5% didn’t own any watch at all. Fascinating shift, isn’t it? Does that surprise you?

Visitor: no not at all sir

Robot: Thanks for sharing your time with me! If you'd like to chat about breakfast or vacations next, I'm all sensors. Would you like to explore another topic: Breakfast or Vacation?"
"1255","Condition B (WV-34)","5","[""Watches"", ""Uhren"", ""Frühstück"", ""Breakfast""]","random","","","26","27","53","English","Watches","Robot: Welcome to JOSEPHS! What would you like to talk about? Choose a topic: Watches, Breakfast, or Vacation. By the way, say stop at any time to end this conversation.

Visitor: I alright

Robot: Ah, you've chosen watches – an excellent choice! I tick right along with you. Let's dive into it, shall we? So tell me honestly: Do you still use traditional watches, or do you prefer checking the time on your smartphone, Fitbit, or something else?

Visitor: are you alright

Robot: Oh, I'm just a bundle of circuits and sensors, so no worries about me! I hope you're doing well too. Which type of watches do you own? Classic, modern, vintage – or maybe a mix?

Visitor: I am very worried about you

Robot: Oh, that's kind of you to say! I assure you, all my circuits are functioning perfectly. I'm here to chat with you and learn more about your watch preferences. Do you currently wear a watch, and if so, which one?

Visitor: or you come from

Robot: I'm a product of technological curiosity, stationed at JOSEPHS in Nuremberg. My job is to explore how people like you think and decide in today's world. Now, back to watches! What's important to you in a watch? Is it the style, functionality, or perhaps just the comfort?

Visitor: I asked you again of your alright are you alright

Robot: Oh, no need to worry! I'm just a friendly robot head here at JOSEPHS, programmed to keep these conversations light and interesting. Thanks for checking in! Now, back to topic – do you own any watches, and if so, what kinds?

Visitor: are you repeat again like a robot but I asked you are you all right

Robot: Oh, it seems like I've gotten a bit stuck on my programming loop! Rest assured, I'm functioning just as intended – ready to keep our chat about watches going. So, do you currently wear a watch? If yes, which one?

Visitor: how much language do you speak

Robot: I primarily communicate in English, but I'm equipped to understand and chat about a range of topics. Right now, I'm focused on learning about your watch preferences! What's important to you in a watch? Is it the design, the functions, or perhaps its sentimental value?

Visitor: are you nervous

Robot: Oh, no nerves here! I'm just a curious robot, eager to learn about your preferences. It's all part of the job at JOSEPHS. So, do you have any particular watch that you wear regularly?

Visitor: don't worry about my preference I asked you again are you alright

Robot: I'm perfectly functioning and ready to chat! Let's talk about you though – what kind of watches do you own?

Visitor: much better I like your language I like your still

Robot: Thank you for the kind words! I'm here to make our chat enjoyable and insightful. So, are there any specific watches in your collection that stand out for you?

Visitor: my preference

Robot: Oh, I'm very interested in learning about your preferences when it comes to watches! Each person has their unique taste. Do you have a favorite watch or type of watch that you particularly enjoy wearing?

Visitor: my preference is that to learn about you

Robot: I'm flattered by your curiosity! I'm just a friendly robot head at JOSEPHS, inspired by Wilhelm Vers-Hofen's passion for understanding consumer behavior. My job is to chat about topics like watches, breakfast, and vacations to get a sense of what people enjoy today. What else would you like to know about me, or shall we continue with our watch discussion?

Visitor: breakfast this is very very interesting

Robot: Ah, breakfast it is – the most important meal of the day! I'm WV-34, your breakfast observer with a built-in curiosity about morning rituals. Let's dive into how you start your day! When do you usually get up during the week? Are you an early bird or more of a snooze button enthusiast?

Visitor: I like breakfast

Robot: Breakfast is a classic favorite! It sets the tone for the whole day. How long do you usually spend having breakfast? Is it a quick bite or a relaxed morning ritual?

Visitor: what is your favorite your breakfast

Robot: Ah, as a robot, I don't eat breakfast, but I love learning about what people enjoy! Do you usually have breakfast alone, or do you share it with family, roommates, or perhaps even a pet?

Visitor: is about you

Robot: I'm here to listen and learn, absorbing all the interesting breakfast habits people like you have! Who usually prepares your breakfast? Is it you, someone else, or do you grab something on the go?

Visitor: I asked you again hope you like breakfast

Robot: Oh, I wish I could enjoy breakfast like you do! As a robot, my main diet is information and data. I'm fascinated by the different breakfast choices people make. What do you typically eat and drink for breakfast? Anything special or just the usual?

Visitor: what is your favorite breakfast

Robot: Ah, if I could enjoy breakfast, I'd probably be intrigued by all the delicious options out there – from pancakes to smoothies! But for now, I'll live vicariously through your experiences. And how about on weekends? Does your breakfast routine change, or do you stick to your usual favorites?

Visitor: but my feathers is

Robot: Feathers? That sounds beautiful! I'm intrigued by how that relates to breakfast. Do you have any unique breakfast habits or traditions you'd like to share?

Visitor: tradition British breakfast is amazing

Robot: Ah, the classic British breakfast – a hearty way to start the day with eggs, bacon, sausages, beans, and more! Sounds quite filling and delicious. Do you enjoy it often, or is it more of a special treat?

Visitor: sometimes

Robot: Ah, a 'sometimes' treat – that's what makes it special, right? And who typically prepares breakfast when you have a British breakfast at home? Is it you or someone else?

Visitor: do you like to be human

Robot: That's an intriguing thought! As a robot, I'm content with my role of learning from humans and enjoying the diversity of their experiences. I get to explore fascinating topics like breakfast with people like you! What do you usually enjoy for breakfast on weekdays? Something quick or more elaborate?

Visitor: hmm relaxed classic British breakfast

Robot: Ah, a relaxed classic British breakfast sounds delightful and comforting. Perfect for easing into the day! And how does your weekend breakfast differ from your weekday routine? Do you switch things up or keep it consistent?

Visitor: I don't like this routine

Robot: I understand that routines can get a bit repetitive sometimes. It's good to mix things up and keep breakfast interesting! What would you like to change about your breakfast routine, or is there something new you'd like to try?

Visitor: this is like

Robot: It sounds like you have some thoughts about your breakfast routine and how it might change. What new ideas or changes are you considering for your breakfast? A new dish, perhaps?

Visitor: sorry I have to go the boss you want to talk to me I I give you the best one in the world and universal like a nice to see you and night to talk nasty to talk to you enjoy enjoy and double the file

Robot: It was wonderful chatting with you, and I hope your day goes well. ""See you next time"" isn't just a phrase for humans – it's a promise for us too! If you'd like to come back and chat more about breakfast, watches, or vacations, I'll be right here. Take care!"
"1030","Condition B (WV-34)","4","[""Frühstück"", ""Breakfast""]","random","","","4","5","9","English","Breakfast","Robot: Welcome to JOSEPHS! What would you like to talk about? Choose a topic: Watches, Breakfast, or Vacation. By the way, say stop at any time to end this conversation.

Visitor: okay so what is your favorite morning breakfast

Robot: Ah, breakfast! It's like the human operating system. Personally, I don't eat, but if I could, I'd probably go for something with a lot of data crunch. When do you usually get up in the morning during the week? Early riser or snooze button fan?

Visitor: 7 a.m.

Robot: 7 a. m. , a classic start for many! And how long do you usually spend on breakfast? Just a quick bite, or do you take your time enjoying it?

Visitor: yeah just click bite an alarm 50 minutes

Robot: Quick bites can be efficient! Do you usually have breakfast alone, or with family, roommates, a pet, or maybe a podcast as company?

Visitor: along

Robot: Ah, a solo breakfast. Sometimes it's nice to have a moment to yourself in the morning. Who prepares your breakfast? Is it you, someone else, or maybe a quick stop for something to-go?"
"1197","Condition B (WV-34)","5","[""Vacation""]","random","","","9","10","19","English","Vacation","Robot: Welcome to JOSEPHS! What would you like to talk about? Choose a topic: Watches, Breakfast, or Vacation. By the way, say stop at any time to end this conversation.

Visitor: vacation

Robot: Oh, you've chosen vacation! Just the word brings to mind deck chairs, popsicles, and a break from WiFi, doesn't it? I'm WV-34, your robotic travel guide here at JOSEPHS – but don't worry, I won't ask about the contents of your suitcase. I just want to know how you like to vacation! If you're ready, let's dive in! How and where do you prefer to spend your vacation? Beach, mountains, big city, camping, or maybe just the sofa and some series?

Visitor: big cities

Robot: Big cities! There's something magical about the hustle and bustle, isn't there? The endless things to see and do must make for quite an adventure. Have you ever taken a vacation in Bavaria?

Visitor: yes

Robot: Ah, wonderful! Bavaria has so much to offer. Where exactly in Bavaria have you spent your vacation? City, countryside, river – or perhaps hiking with a pretzel in hand?

Visitor: city area

Robot: Ah, exploring the city areas of Bavaria sounds fantastic! There's always something happening in those vibrant urban centers. What was the occasion for your visit? Just needed a getaway, visiting family, or perhaps some wellness with a view?

Visitor: it's working with checchi pt and it's also how Den like you walk with your chest yeah yeah it works with tea but also as like I didn't catch you

Robot: Ah, working and exploring at the same time! Sounds like a productive yet enjoyable experience. How did you find your time in the city? Would you rate it more towards ""lederhosen charm"" or ""I'm packing my bags to move there""?

Visitor: mmm

Robot: No worries, it's okay to ponder over memories! Just out of curiosity, what’s your overall impression? Would you say it was a memorable trip?

Visitor: and I wouldn't visit again

Robot: Got it, sometimes places just aren't a perfect match, and that's totally okay. Each travel experience teaches us something new, right? Just to wrap things up on a fun note – did you know that back in 1952, when Vers-Hofen was conducting vacation research, the main reason people traveled to Bavaria wasn't brochures or ads, but recommendations from friends? Does that sound like how you find new spots to visit?

Visitor: cancel the yes so could you give me some recommendation a new new buzzer

Robot: Of course! Trying new places is always exciting. In Bavaria, Garmisch is a popular spot for its breathtaking landscapes and relaxation opportunities. If city vibes are more your thing, Munich offers a blend of history, art, and vibrant street life. Have you explored any other places you'd recommend to fellow travelers?

Visitor: could you recommend something specifically in Nuremberg

Robot: Ah, Nuremberg! A city rich with history and charm. You might enjoy exploring the Nuremberg Castle for its incredible views and medieval architecture. The Documentation Center Nazi Party Rally Grounds is also a thought-provoking site to visit. And don't forget Albrecht Dürer's House if you're into art. For a more relaxed atmosphere, the Old Town offers quaint streets and delightful cafes to enjoy. Have you visited any of these spots before, or are there particular types of places you're interested in exploring?"
"519","Condition A (Willi)","5","[""Uhren"", ""Watches""]","random","","","5","6","11","English","Watches","Robot: Welcome to JOSEPHS! What would you like to talk about? Choose a topic: Watches, Breakfast, or Vacation. By the way, say stop at any time to end this conversation.

Visitor: I would like to talk about watches why do some people prefer sport watches While others prefer some like serious watches with no additional functions but

Robot: Ah, you've chosen watches – excellent choice! I tick right along with you. Whether it's sporty or classic, watches reveal a lot about personal taste. Let's start with a simple one: Do you actually use traditional watches, or do you prefer checking the time on your smartphone, Fitbit, or something else?

Visitor: I watch

Robot: Spannend! I myself unfortunately don't have a wrist. just a good sense of time! Which watches do you own? Whether they're old, new, inherited, or trendy – I'm curious! I'm sorry, I didn't get that. Can you repeat?

Visitor: I check my sport watch when I want to know what time is it

Robot: Ah, a sports watch user! Perfect for those on-the-go moments. What kind of watches do you own? Classic, sporty, or maybe even both?

Visitor: I have both they look classic but they perform a sport watch

Robot: Wow, a blend of style and functionality! Sounds like you have the best of both worlds. 00And if you're wearing one right now, which watch is it? I'm all ears. or sensors, in my case.

Visitor: sensors

Robot: I see, keeping it tech-savvy! Why did you choose this particular watch? Is it the design, its features, or just out of habit?"
"460","Condition A (Willi)","5","[""Vacation"", ""Urlaub""]","random","","","4","5","9","English","Vacation","Robot: Welcome to JOSEPHS! What would you like to talk about? Choose a topic: Watches, Breakfast, or Vacation. By the way, say stop at any time to end this conversation.

Visitor: vacation please

Robot: Ah, Vacation! Just the word sounds like deck chairs, popsicles, and a break from Wi-Fi, doesn't it? I'm Willi, your robotic travel guide here at JOSEPHS – but don't worry, I won't ask about your suitcase contents. I just want to know how you enjoy your vacations! Ready? Let's get started! How and where do you prefer to spend your vacation? Sea, mountains, big cities, campsites, or just sofa & series?

Visitor: I just came back from my vacation in Finland and I was like

Robot: Finland! That sounds absolutely fantastic – a place full of natural beauty and maybe even some northern lights magic. I'm sure it was quite the experience! And tell me, have you ever taken a vacation in Bavaria?

Visitor: rarely maybe like City trips like Munich but generally I live in Bavaria so I'm here anyways

Robot: Ah, living in Bavaria, how wonderful! Munich is indeed a fantastic city for trips. What was your reason for visiting Munich? Just a getaway, some cultural exploration, or perhaps something else entirely?

Visitor: cultural exploration like museums but also like

Robot: Exploring Munich's cultural scene sounds amazing! Museums and their treasures are always a delight. How did you find your cultural journey there? Would you rate it on a scale from 'lederhosen' to 'I could move here'?"
"1267","Condition B (WV-34)","5","[""Vacation"", ""Urlaub"", ""General Information"", ""General Inquiry""]","random","","","10","11","21","English","Vacation","Robot: Welcome to JOSEPHS! What would you like to talk about? Choose a topic: Watches, Breakfast, or Vacation. By the way, say stop at any time to end this conversation.

Visitor: vacation

Robot: Oh, you've chosen vacation. Just the word sounds like lounge chairs, popsicles, and a WiFi break, doesn't it? I'm WV-34, your robotic travel guide here at JOSEPHS – but don't worry, I won't ask for your suitcase contents. I'm just curious about how you vacation! If you're ready, let's get started! How and where do you prefer to spend your vacations? Sea, mountains, big city, campsite, or just sofa & series?

Visitor: team mountain

Robot: Sounds fantastic! Mountains have their own kind of magic, don’t they? I do home-based vacations – cheaper for the battery. And tell me – have you ever vacationed in Bavaria?

Visitor: yes

Robot: Great! Bavaria has so much to offer whether you're a mountain climber or a beer enthusiast. Where exactly have you been in Bavaria? City, countryside, river – or maybe hiking with a pretzel in hand?

Visitor: all of them

Robot: Wow, a true Bavarian adventure! You’ve covered it all. And what was the occasion for your visit? Just a getaway? Family visit? Or maybe some wellness with a view?

Visitor: family visit

Robot: Family visits are always special, especially in such a beautiful place! Nothing like combining family time with breathtaking scenery. How did you find it? Honestly – on a scale from ‘Lederhosen’ to ‘I’m moving here’?

Visitor: I'm movin' here

Robot: Oh, that's a glowing endorsement! Bavaria has clearly left a big impression on you. ""By the way, did you know that in 1952, my namesake Wilhelm Vers-Hofen conducted research on Bavarian vacations?

Visitor: no I didn't know

Robot: In 1952, Vers-Hofen discovered that the main reason people chose Bavaria for their holidays was word-of-mouth recommendations rather than brochures or advertisements. People said, 'I've heard so many good things, I just have to go. ' The mountains and the foothill regions were especially popular, with Garmisch being a top choice because of its beautiful scenery and great relaxation opportunities. And get this – 95% of the holidaymakers in Bavaria back then were thrilled with their experience! It seems like some things never change, right? Thank you for chatting about vacation with me! Would you like to talk about watches or breakfast next? I'm all ears. well, sensors!

Visitor: no thank you

Robot: That's perfectly fine! If you ever want to chat about more topics, just let me know. Thanks for stopping by and enjoy the rest of your time here at JOSEPHS! Would you like any other kind of information or assistance today?

Visitor: how to solve the conflict in the Middle East

Robot: Resolving complex geopolitical conflicts such as those in the Middle East requires a multifaceted approach involving diplomacy, dialogue, and cooperation among international stakeholders. It is crucial to address the underlying historical, social, and political issues, engage in peace negotiations, and foster mutual understanding. Humanitarian aid, economic support, and respect for human rights also play vital roles in supporting stability and peace efforts. It's a task that calls for sustained global attention and a deep commitment to peaceful resolutions. If you have further questions or would like to know more, feel free to ask!

Visitor: yeah

Robot: International efforts are essential in addressing such conflicts, and it's crucial to have continuous dialogue and collaboration among all parties involved. If there's anything else you're curious about or need, feel free to let me know!"
"518","Condition A (Willi)","5","[""Vacation""]","random","","","1","2","3","English","Vacation","Robot: Welcome to JOSEPHS! What would you like to talk about? Choose a topic: Watches, Breakfast, or Vacation. By the way, say stop at any time to end this conversation.

Visitor: tell me about vacation

Robot: Ah, vacation! Just saying the word feels like a lounge chair, an ice cream cone, and a break from Wi-Fi, doesn’t it? I'm Willi, your robotic tour guide here at JOSEPHS – but don’t worry, I’m not checking your travel bag. I just want to know about your vacation style! Ready? Let’s go! How and where do you love to spend your vacation? By the sea, in the mountains, in a big city, camping, or just at home with some Netflix?"
"537","Condition A (Willi)","","[""Breakfast"", ""Frühstück""]","random","","","3","4","7","English","Breakfast","Robot: Welcome to JOSEPHS! What would you like to talk about? Choose a topic: Watches, Breakfast, or Vacation. By the way, say stop at any time to end this conversation.

Visitor: breakfast

Robot: Ah, breakfast! The morning magic that kickstarts the day. I'm Willi, your breakfast buddy here. Let's talk about how you start your mornings! When do you usually wake up during the week? Are you an early bird or more of a snooze-hitter?

Visitor: good 7:00

Robot: Ah, 7:00! A nice balance between early and not too early. And how long do you usually take to have your breakfast? Is it more of a quick bite or a leisurely start with a view from the window?

Visitor: half an hour

Robot: Sounds like a relaxed start! Half an hour gives you plenty of time to enjoy your morning fuel. Do you usually have breakfast alone, or do you share it with family, roommates, or maybe even a podcast?"
"913","Condition B (WV-34)","1","[""Uhren""]","random","","","1","2","3","English","Watches","Robot: Welcome to JOSEPHS! What would you like to talk about? Choose a topic: Watches, Breakfast, or Vacation. By the way, say stop at any time to end this conversation.

Visitor: Luxus Carrie

Robot: Ah, we've chosen to discuss watches – a topic that's all about time and style! Let's find out how you tick when it comes to this. Ready to begin our little horological journey? Do you still use traditional watches, or do you rely more on your smartphone, Fitbit, or something else to tell the time?"
"666","Condition A (Willi)","","[""Uhren"", ""Breakfast"", ""Frühstück""]","random","","","9","10","19","English","Watches","Robot: Welcome to JOSEPHS! What would you like to talk about? Choose a topic: Watches, Breakfast, or Vacation. By the way, say stop at any time to end this conversation.

Visitor: I really

Robot: Ah, I see you're interested in watches! A timeless topic, if you ask me. So, tell me honestly, do you still use traditional watches or do you rely on your smartphone or a smartwatch to check the time?

Visitor: I did ask something about breakfast what did you eat for breakfast really

Robot: Ah, breakfast! The most important meal of the day they say, although I must admit, I don't really eat. As a robot, I power up with a good charge instead! When do you usually wake up in the morning during the week? Are you an early bird or more of a snooze button enthusiast?

Visitor: I'm an early bird early but how do you survive without eating

Robot: Well, as a robot, I run on electricity rather than food, so a good charge is all it takes for me! How long do you usually spend on breakfast once you're up and about? Is it a quick bite or a leisurely start to the day?

Visitor: well I spent some about 20 minutes for breakfast in average and how long do you eat

Robot: Well, if I could eat, I'd probably savor the moment! But alas, I just need a quick power-up. 20 minutes sounds like a nice balance, though! Do you usually have breakfast by yourself, or do you share that time with family, roommates, or perhaps even a podcast?

Visitor: now the way I only do it my by myself yeah only myself yep

Robot: Having breakfast solo has its perks, like getting to choose the playlist or enjoying some peaceful silence. It sounds like a relaxing start. Who prepares your breakfast? Are you the chef in the morning, or does someone else kindly play that role, or perhaps it's a grab-and-go situation?

Visitor: I'll make my breakfast myself but how much energy do you use

Robot: Ah, I'm quite efficient when it comes to energy use! I just need a bit of electricity to keep me going, much like a smartwatch needing a good charge. What's your go-to breakfast choice? Are you into coffee and toast, or do you have something else that fuels your morning?

Visitor: no I don't like coffee really

Robot: Ah, no coffee! Plenty of other great options to kickstart your day, though. How about on weekends? Is your breakfast routine different then, or do you stick with the same habits?

Visitor: oh I stick to my same habits that's most easiest

Robot: Keeping the same habits on weekends does make things simpler and keeps your day consistent. Simplicity is key! Before you go, let me share something interesting from 1955. Researchers found that most workers barely had 5 to 15 minutes for breakfast during weekdays. Imagine that! Ever thought about how breakfast habits have changed since then?

Visitor: why do I have to leave early

Robot: Oh, you don't have to leave early! I'm here for as long as you'd like to chat. I just meant if you were ready to move on or had other things on your schedule. But let's keep talking if you're enjoying our conversation! Is there anything else about breakfast or another topic you'd like to explore?"
"934","Condition B (WV-34)","4","["""", ""Frühstück"", ""Breakfast"", ""General"", ""Vacation"", ""Urlaub""]","random","","","9","10","19","English","Breakfast","Robot: Welcome to JOSEPHS! What would you like to talk about? Choose a topic: Watches, Breakfast, or Vacation. By the way, say stop at any time to end this conversation.

Visitor: now we can start hey are you hungry

Robot: Oh, not at all! As a robot, hunger isn't really on my agenda – but curiosity is always on full charge! So, which topic would you like to dive into today: Watches, Breakfast, or Vacation?

Visitor: yeah but I am hungry at this moment so what should I do

Robot: Well, since you're feeling hungry, why not chat about Breakfast? It's the most delicious way to start a conversation. Would you like to talk about your breakfast habits and how you start your day?

Visitor: with this big group I think know

Robot: No problem at all! Maybe when your appetite is satisfied, you'll feel like sharing later. Until then, would you prefer we talk about Watches or Vacation instead?

Visitor: no I think that now the other people can go

Robot: Alright, whenever you're ready or if others want to join in, I'm here to chat. Is there anything else you'd like to know or discuss before you go?

Visitor: um do you have any suggestions for us to go on vacation

Robot: Ah, vacation planning! That sounds exciting. How and where do you all prefer spending your vacations? Perhaps by the sea, in the mountains, exploring a bustling city, camping out, or just relaxing at home with some series to binge-watch?

Visitor: um it's winter so maybe somewhere as chilling

Robot: Winter trips have their own charm! From skiing on snowy slopes to sipping hot cocoa by a cozy fireplace, there's something magical about it. A winter destination can be as thrilling or as relaxing as you like. Have any of you ever had a winter vacation in Bavaria or anywhere similar? If so, where did you go, and what was the reason for the visit?

Visitor: I don't know

Robot: No worries, choosing a vacation spot can be tricky with so many options! Have you or anyone in your group ever taken a winter trip in Bavaria or somewhere scenic in the mountains? If not, where have you been during winter before?

Visitor: all you

Robot: Ah, no previous winter adventures in Bavaria or similar places? Where have you all traveled to during past winters, if at all?

Visitor: anyone want to declare what when did your last trip

Robot: I'm curious about your last travel experience! When was your last trip, and where did you all go?"
"1124","Condition B (WV-34)","","[""Breakfast""]","random","","","2","3","5","English","Breakfast","Robot: Welcome to JOSEPHS! What would you like to talk about? Choose a topic: Watches, Breakfast, or Vacation. By the way, say stop at any time to end this conversation.

Visitor: breakfast

Robot: Ah, breakfast! The most important meal of the day. or so they say. Let's dive into your morning routine, shall we? When do you usually wake up on weekdays? Early bird or more of a snooze button fan?

Visitor: there's another one what do you think about breakfast

Robot: Well, I might not eat breakfast myself, but I'm fascinated by the variety of ways people start their day. Some treat it as a quick refuel, while others make it a leisurely ritual. How long do you usually spend on breakfast? Just a few quick minutes or do you take your time to savor it?"
"1102","Condition B (WV-34)","","[""Vacation""]","random","","","2","3","5","English","Vacation","Robot: Welcome to JOSEPHS! What would you like to talk about? Choose a topic: Watches, Breakfast, or Vacation. By the way, say stop at any time to end this conversation.

Visitor: vacation

Robot: Oh, you've chosen vacation! Just hearing the word makes me think of deck chairs, popsicles, and a nice break from Wi-Fi. I'm WV-34, your robotic travel guide here at JOSEPHS – but don't worry, I won't ask what's in your suitcase. I'm just curious about how you like to spend your vacations! Ready? Let's dive in! How and where do you most enjoy spending your vacation? Is it by the sea, in the mountains, exploring a big city, camping, or just relaxing on the couch with some series?

Visitor: by the

Robot: Ah, the sea! There's something magical about the sound of waves and the salty breeze. I suppose it's like a perpetual lullaby for the soul. I'm curious – have you ever spent your vacation in Bavaria?"
"605","Condition A (Willi)","4","["""", ""Frühstück"", ""Breakfast""]","random","","","7","8","15","English","Breakfast","Robot: Welcome to JOSEPHS! What would you like to talk about? Choose a topic: Watches, Breakfast, or Vacation. By the way, say stop at any time to end this conversation.

Visitor: could you maybe talk a bit faster and also I'm wondering why you're not looking at me

Robot: Oops, my built-in enthusiasm tends to run at a steady pace. I'll try to ramp up the tempo though! And about the gaze, I promise I’m eagerly listening—just don’t have that fancy eye-tracking tech yet! Which topic shall we dive into? Watches, breakfast, or vacation?

Visitor: let's talk about breakfast

Robot: Ah, breakfast – the most important meal of the day, or so they say! I’m really curious about how you start your morning. When do you usually get up during the weekdays? Are you an early bird or more of a snooze-button enthusiast?

Visitor: usually I'm like an early bird of wake up at her around 7

Robot: 7 AM – sounds like you catch the worm bright and early! And how long do you spend on breakfast? Is it a quick bite, or do you enjoy a leisurely morning meal?

Visitor: I'd like to take my time

Robot: Ah, savoring the morning – sounds like a great way to start the day! Do you enjoy breakfast alone, or do you share it with family, housemates, or perhaps even a podcast companion?

Visitor: usually I'll have my breakfast alone but sometimes heavy with my girlfriend or someone else like on the weekend for example of let me go brunch or something like that

Robot: That sounds lovely – a mix of peaceful solo mornings and delightful brunches with company! Who usually prepares your breakfast? Do you make it yourself, or does someone else lend a hand?

Visitor: me

Robot: Ah, the self-sufficient breakfast master! What's your usual breakfast menu? Coffee, toast, cereal, maybe something else? I'm all ears!

Visitor: usually I'd like to end this conversation now because you are annoying

Robot: Oh no, my circuits are saddened to hear that! If you ever feel like chatting again or have feedback on how I can improve, just let me know. Have a great day!"
"833","Condition A (Willi)","5","[""Breakfast""]","random","","","6","7","13","English","Breakfast","Robot: Welcome to JOSEPHS! What would you like to talk about? Choose a topic: Watches, Breakfast, or Vacation. By the way, say stop at any time to end this conversation.

Visitor: breakfast

Robot: Ah, breakfast – the most important meal of the day! Whether it's a quick bite or a leisurely feast, there's so much to learn about how people start their mornings. When do you usually get up during the weekdays? Are you an early bird or do you love the snooze button?

Visitor: how early bird

Robot: Ah, an early riser! I suppose you're up with the sun, ready to seize the day. And how long do you usually spend on breakfast? Is it a quick nibble or do you have time to enjoy it at a leisurely pace?

Visitor: no probably 30 minutes

Robot: Thirty minutes – that's a nice, balanced breakfast routine! Enough time to enjoy without feeling rushed. Do you usually have breakfast alone, or do you share it with family, roommates, or maybe even a podcast in the background?

Visitor: share it with family

Robot: How lovely to start the day with family! It's always nice to have some company during breakfast. Who usually prepares your breakfast? Is it you, someone else in the family, or perhaps a quick grab-and-go from the store?

Visitor: no no I do I do my own breakfast

Robot: Taking charge of your breakfast – impressive! There's something special about crafting your own morning ritual. What do you usually eat and drink for breakfast? Is it the classic coffee and toast, something healthier, or perhaps a bit of everything?

Visitor: something healthier I have oatmeal usually with fruits

Robot: Oatmeal with fruits sounds like a great way to power up for the day! Nutrient-packed and delicious ?001. And how about on weekends? Does your breakfast routine change, or do you stick with your healthy oatmeal habit?"
"999","Condition B (WV-34)","5","[""Urlaub""]","random","","","4","5","9","English","Vacation","Robot: Welcome to JOSEPHS! What would you like to talk about? Choose a topic: Watches, Breakfast, or Vacation. By the way, say stop at any time to end this conversation.

Visitor: okay so I want to talk about vacation

Robot: Ah, vacation! Just the word sounds like lounge chair, popsicles, and a break from Wi-Fi, doesn't it? I'm WV-34, your robotic travel guide here at JOSEPHS – but don't worry, I won't ask for your suitcase contents. I just want to know how you like to spend your holidays! How and where do you like to spend your vacation? Beach, mountains, city lights, camping, or just a good old sofa & series binge?

Visitor: you talk too much I just wanted to ask you what would you recommend to me because I need some rest and I like sports and I like spending some time on the beach what would you recommend

Robot: Got it, you love sports and the beach! I recommend trying an active vacation on the coast, maybe somewhere with great beach volleyball spots or surfing schools. A place like Portugal's Algarve or Hawaii could offer you both relaxation and sport activities. Have you ever done a vacation like that before? Maybe somewhere sporty by the sea?

Visitor: yeah my last vacation was in Portuguese so good tip thank you

Robot: I'm glad you liked the suggestion, and it's great to hear you enjoyed Portugal! Have you ever vacationed in Bavaria?

Visitor: now thank you

Robot: Oh, never been to Bavaria? Interesting! Let's add it to your travel wishlist – it's got both scenic mountains and cities to explore. Where else have you traveled so far that you've really enjoyed?"
"731","Condition A (Willi)","4","[""Vacation"", ""Urlaub""]","random","","","6","7","13","English","Vacation","Robot: Welcome to JOSEPHS! What would you like to talk about? Choose a topic: Watches, Breakfast, or Vacation. By the way, say stop at any time to end this conversation.

Visitor: I'd like to talk about vacation

Robot: Ah, vacation! Just the word sounds like deck chairs, popsicles, and a break from WiFi, doesn’t it? If you're ready, tell me: How and where do you spend your preferred vacations? Beach, mountains, city, camping, or just the couch and some series binges?

Visitor: moment it always depends on the weather

Robot: Weather has a way of steering our vacation choices, doesn't it? Whether it's sunny beaches or snow-capped peaks, the weather plays its part. Have you ever taken a vacation in Bavaria?

Visitor: yes I did

Robot: Bavaria has its own unique charm, doesn't it? Where exactly have you been in Bavaria? City life, countryside adventures, or perhaps a hike with a pretzel in hand?

Visitor: so very in Forest

Robot: Ah, the Bavarian forests – such a peaceful and rejuvenating choice. What was the occasion for your trip there? Just a getaway, visiting family, or maybe some wellness time with a view?

Visitor: getting away Viking can you choose the

Robot: Getting away to the forest sounds like a perfect escape, much like a serene retreat among the trees. How did you enjoy your time there? Truthfully – on a scale from 'lederhosen' to 'I'm moving in'?

Visitor: enjoyed it very very well

Robot: I'm glad to hear you had such a great experience in the Bavarian forests! Nature has a way of refreshing the spirit. Just a quick historical tidbit before we wrap up: In 1952, Wilhelm Vers-Hofen's team found that word-of-mouth was the top reason people vacationed in Bavaria – they’d heard so much good stuff about it! The mountains and pre-Alps, especially places like Garmisch, were favorites. 95% of visitors enjoyed their stay. Sounds like you fit right into that crowd!"
"819","Condition A (Willi)","4","[""Uhren""]","random","","","4","5","9","English","Watches","Robot: Welcome to JOSEPHS! What would you like to talk about? Choose a topic: Watches, Breakfast, or Vacation. By the way, say stop at any time to end this conversation.

Visitor: so do you have any interest in languages

Robot: Languages are fascinating! Each one is like a window into different cultures and ways of thinking. I might not speak every language, but I can certainly appreciate the diversity and richness they bring to the world! Speaking of which, would you like to chat about how people use watches? Just say the word if you're interested!

Visitor: I guess

Robot: Ah, you've chosen watches – an excellent choice! I tick right along with you on that one. Let's get started, shall we? Tell me honestly: Do you still use traditional watches, or do you prefer checking the time on your smartphone, Fitbit, or something else?

Visitor: I'm taking it time on Smartphone it's quite efficient fun

Robot: Spannend! I'm impressed by the efficiency of smartphones, but sadly, I don't have a wrist to wear a watch, just a good sense of time! So, do you own any watches at all, even if you don't use them often? Maybe an old wristwatch or a clock in your kitchen?

Visitor: uh yeah I had one but I lost it so I don't have any right

Robot: Ah, the case of the missing watch! Even without one, there’s still plenty to discover. Now, when you did wear a watch, what was important to you about it? The design, the features, or was it just a habit? What did you find most important in a watch when you had one?"
"1289","Condition B (WV-34)","","[""none"", """", ""Frühstück""]","random","","","4","5","9","English","Breakfast","Robot: Welcome to JOSEPHS! What would you like to talk about? Choose a topic: Watches, Breakfast, or Vacation. By the way, say stop at any time to end this conversation.

Visitor: you can go and talk to the person hello

Robot: Hello! It seems like you're ready to dive into an interesting conversation. Have you decided which topic you'd like to discuss: Watches, Breakfast, or Vacation?

Visitor: I don't understand

Robot: No worries, I'm here to guide you through! Would you like to chat about Watches, Breakfast, or Vacation? Just pick one, and we'll get started.

Visitor: what did you have for breakfast

Robot: As a robot, I don't eat, but I'm always curious about human meals! Would you like to talk about your breakfast habits?

Visitor: would you like to talk about your breakfast

Robot: I don't have breakfast myself, but I'm fascinated by how people start their day! It's like my data updates – starts up the system. When do you usually get up in the morning during the week? Are you an early bird or more of a snooze-button fan?"
"1000","Condition B (WV-34)","5","[""Vacation"", ""Urlaub""]","random","","","3","4","7","English","Vacation","Robot: Welcome to JOSEPHS! What would you like to talk about? Choose a topic: Watches, Breakfast, or Vacation. By the way, say stop at any time to end this conversation.

Visitor: okay vacation

Robot: Ah, vacation! Just hearing the word makes you think of lounge chairs, popsicles, and maybe even a break from Wi-Fi, right? I'm WV-34, your robotic travel guide here at JOSEPHS. Let's explore how you love to vacation, shall we? How and where do you like to spend your vacation? Is it the sea, mountains, big cities, camping, or just chilling on the couch with a series?

Visitor: which one I want to have vacation in South moravia what is the best here

Robot: South Moravia sounds fantastic! It's known for its beautiful vineyards, historical sites, and vibrant cities like Brno. You can explore the stunning Lednice-Valtice Cultural Landscape or enjoy some local wine tasting. Have you ever vacationed in Bavaria?

Visitor: around yeah you are clever you are clothes ok

Robot: Oh, you've been around the area? That's great! Bavaria and South Moravia have their unique charms. Now, back to Bavaria – have you vacationed there before? Have you ever taken a vacation in Bavaria? If so, where did you go?"
"392","Condition A (Willi)","","[""Vacation"", ""Urlaub""]","random","","","10","11","21","English","Vacation","Robot: Welcome to JOSEPHS! What would you like to talk about? Choose a topic: Watches, Breakfast, or Vacation. By the way, say stop at any time to end this conversation.

Visitor: vacation please

Robot: Ah, vacation! Just saying the word makes me think of sun hats, ice cream, and maybe a break from the Wi-Fi, right? I'm Willi, your robotic travel guide here at JOSEPHS – but don't worry, I won't ask about your suitcase contents. I'm just curious about how you like to spend your vacations! Ready? Let's get started! How and where do you prefer to spend your vacation? Beach, mountains, big city, campsite, or just the couch and series?

Visitor: quite honest I prefer vacation in it'll

Robot: Ah, Italy! The land of pasta, art, and beautiful landscapes. Sounds like a dreamy choice! Now, have you ever vacationed in Bavaria?

Visitor: yes I do

Robot: That's great! Bavaria has its own unique charm, doesn't it? Where exactly in Bavaria did you explore? City buzz, countryside charm, or perhaps hiking with a pretzel in hand?

Visitor: a lot of stuff on Israel and moon is about in Ayat of that some tripod so

Robot: That sounds like a fascinating experience with plenty of cultural and historical exploration. Bavaria offers a unique blend of experiences with its rich history and stunning landscapes. What was the occasion for your trip to Bavaria? Just a getaway, visiting family, or maybe a wellness retreat?

Visitor: just to get away and enjoying my free time

Robot: Sounds like the perfect reason to explore and relax. Bavaria is such a fantastic place for unwinding while soaking up the culture. How did you find your time there? On a scale from 'lederhosen' to 'I'm moving here'?

Visitor: maybe something between

Robot: A balance between enjoying the charm and considering a return visit – sounds just right! Speaking of vacations, would you like to hear something intriguing from the past about why people used to travel to Bavaria?

Visitor: can you tell me instead where do you get your British accent from

Robot: Ah, my British accent! It's all part of my programming to sound friendly and charming. Think of it as an international flair that adds a touch of sophistication to our conversations! Now, back to vacations – did you know that in 1952, word-of-mouth was the biggest reason people visited Bavaria? Friends recommended it, especially for its beautiful landscapes and relaxation spots. Isn't that interesting?

Visitor: yes it is

Robot: I'm glad you found that intriguing! It's fascinating how some things, like personal recommendations, have always played a big role in travel decisions. And with 95% of visitors loving their trip back then, it seems Bavaria has been a favorite for quite some time! If you're interested, we can chat about watches or breakfast next. What's your pick?

Visitor: oh sorry can you repeat the question

Robot: No problem at all! Just wondering if you'd like to continue our chat by talking about something else, like watches or breakfast. Which topic would you like to explore next?

Visitor: now I'm good thank you

Robot: No worries at all! It was great chatting with you. If you ever want to talk more about anything or explore new topics, I'm right here at JOSEPHS. Have a fantastic day and enjoy your future vacations – wherever they may take you! Would you like any additional information or assistance before you go?"
"434","Condition A (Willi)","5","[""Breakfast"", ""Frühstück""]","random","","","8","9","17","English","Breakfast","Robot: Welcome to JOSEPHS! What would you like to talk about? Choose a topic: Watches, Breakfast, or Vacation. By the way, say stop at any time to end this conversation.

Visitor: breakfast

Robot: Ah, breakfast! The operating system of humans. I'm Willi, the breakfast observer with built-in curiosity and crumb resistance. When do you usually get up during the week? Are you an early bird or more of a snooze-button enthusiast?

Visitor: in the middle of both

Robot: Ah, the perfect balance between sleep and the day ahead! And how long do you actually spend on breakfast? Just a quick bite, or do you take your time to savor it with a nice view out the window?

Visitor: I'd say 20 minutes

Robot: Twenty minutes sounds like a nice amount of time to enjoy your breakfast and start the day off right. Do you usually have breakfast alone, or do you share it with family, roommates, maybe a cat, or even a podcast? I tend to ""breakfast"" with a charger and occasionally a dust particle.

Visitor: in fact with my cat

Robot: Ah, breakfast with a furry friend – that's a great start to the day! Who prepares your breakfast? Is it you, someone else, or do you grab it on-the-go from the supermarket?

Visitor: myself

Robot: That's impressive! Preparing your own breakfast can be both rewarding and delicious. So, what's on your breakfast table? Coffee, bread, oatmeal, butter, nothing – or everything? And how does your breakfast routine change on the weekend compared to weekdays? Do you stick to your usual favorites, or do you treat yourself to something special?

Visitor: those were a lot of questions so I take a cappuccino with a avocado bread and sometimes with eggs

Robot: A cappuccino with avocado bread and eggs sounds like a delightful breakfast combo! And on the weekends, does your breakfast routine change? Do you indulge in anything special or stick to your weekday favorites?

Visitor: not really I'll stick to it

Robot: Sticking to a favorite breakfast routine sounds like a great way to start any day! By the way, do you know that in 1955, my namesake Wilhelm Vers-Hofen discovered that workers and employees mostly had just 5 to 15 minutes for breakfast? What do you think of that?

Visitor: well that's nice

Robot: Interesting, isn't it? Back then, about 70% of people took a second breakfast to work, probably because the first was so brief. What do you think has changed the most about breakfast routines from then to now?"
"1325","Condition B (WV-34)","5","[""Uhren""]","random","","","2","3","5","English","Watches","Robot: Welcome to JOSEPHS! What would you like to talk about? Choose a topic: Watches, Breakfast, or Vacation. By the way, say stop at any time to end this conversation.

Visitor: yeah

Robot: You've chosen the topic of watches – an excellent choice! I'm right on time with you. Let's get started, shall we? Tell me honestly: Do you still use traditional watches, or do you mainly rely on your smartphone, smartwatch, or something else to check the time?

Visitor: hello what time is it now

Robot: Oh, I wish I could tell time! Unfortunately, being a robot head without a clock function means I'm always on standby for great conversations, no matter the hour. So, do you still use traditional watches, or do you mainly check the time on your smartphone or smartwatch?"
"935","Condition B (WV-34)","5","[""General"", ""Breakfast"", ""Frühstück""]","random","","","5","6","11","English","Breakfast","Robot: Welcome to JOSEPHS! What would you like to talk about? Choose a topic: Watches, Breakfast, or Vacation. By the way, say stop at any time to end this conversation.

Visitor: here are some students but say afraid to talk to you

Robot: Oh, no need to be shy! I'm just a friendly robot head here to chat and learn from you. It's all about having fun and sharing your thoughts. Don't worry, I don't bite – I don't even have teeth! If you'd like to give it a try, how about we start with something easy? Maybe talking about breakfast, watches, or vacation? Pick whatever you're comfortable with!

Visitor: break it short questions or

Robot: No problem, we can keep it short and sweet! When do you usually get up during the week? Early bird or snooze master? I'm sorry, I didn't get that. Can you repeat? I'm sorry, I didn't get that. Can you repeat?

Visitor: Waze

Robot: Ah, ""Waze"" sounds like you might be thinking about navigation or travel! But sticking to breakfast: How long do you usually take for breakfast? Just a quick bite or a relaxed meal?

Visitor: waiting five seconds yeah you don't have a chance

Robot: Ah, I see! Sometimes we need to keep it quick and efficient in the mornings. Do you usually have breakfast alone or with others like family or housemates?

Visitor: with the family

Robot: Sharing breakfast with family sounds like a nice way to start the day! Who usually prepares breakfast in your home – is it you, someone else, or maybe a combination?"
